{"cameraMode":{"drawMode":0,"name":"Shaded","section":"Shading Mode"},"sceneLighting":true,"audioPlay":false,"sceneViewState":{"showFog":true,"showMaterialUpdate":false,"showSkybox":true,"showFlares":true,"showImageEffects":true,"showParticleSystems":true},"in2DMode":false,"pivot":{"x":0.4799995422363281,"y":-1.5700000524520875,"z":14.84000015258789},"rotation":{"x":0.10192739963531494,"y":-0.6966321468353272,"z":0.10101426392793656,"w":0.702930748462677},"size":28.286081314086915,"orthographic":false}